{"cameraMode":{"drawMode":0,"name":"Shaded","section":"Shading Mode"},"sceneLighting":true,"audioPlay":false,"sceneViewState":{"m_AlwaysRefresh":false,"showFog":true,"showSkybox":true,"showFlares":true,"showImageEffects":true,"showParticleSystems":true,"showVisualEffectGraphs":true,"m_FxEnabled":true},"in2DMode":false,"pivot":{"x":-23.248098373413087,"y":11.139620780944825,"z":-25.84885597229004},"rotation":{"x":0.07183247804641724,"y":0.911474347114563,"z":-0.36257728934288027,"w":0.18059535324573518},"size":15.840600967407227,"orthographic":true}