{"cameraMode":{"drawMode":0,"name":"Shaded","section":"Shading Mode"},"sceneLighting":true,"audioPlay":false,"sceneViewState":{"m_AlwaysRefresh":false,"showFog":true,"showSkybox":true,"showFlares":true,"showImageEffects":true,"showParticleSystems":true,"showVisualEffectGraphs":true,"m_FxEnabled":true},"in2DMode":false,"pivot":{"x":189.82630920410157,"y":119.37711334228516,"z":11.77737808227539},"rotation":{"x":0.274149090051651,"y":-0.0253901369869709,"z":0.007234716787934303,"w":0.9613375663757324},"size":187.60589599609376,"orthographic":true}