{"cameraMode":{"drawMode":0,"name":"Shaded","section":"Shading Mode"},"sceneLighting":true,"audioPlay":false,"sceneViewState":{"m_AlwaysRefresh":false,"showFog":true,"showSkybox":true,"showFlares":true,"showImageEffects":true,"showParticleSystems":true,"showVisualEffectGraphs":true,"m_FxEnabled":true},"in2DMode":false,"pivot":{"x":108.18106079101563,"y":466.51116943359377,"z":-28.564695358276368},"rotation":{"x":-0.0359559990465641,"y":0.04495568200945854,"z":0.0016186604043468834,"w":0.998347282409668},"size":134.46922302246095,"orthographic":true}