{"cameraMode":{"drawMode":0,"name":"Shaded","section":"Shading Mode"},"sceneLighting":true,"audioPlay":false,"sceneViewState":{"m_AlwaysRefresh":false,"showFog":true,"showSkybox":true,"showFlares":true,"showImageEffects":true,"showParticleSystems":true,"showVisualEffectGraphs":true,"m_FxEnabled":true},"in2DMode":false,"pivot":{"x":-0.5017101764678955,"y":0.06871841102838516,"z":8.235618591308594},"rotation":{"x":0.05525902286171913,"y":0.8955377340316773,"z":-0.11616946011781693,"w":0.42598599195480349},"size":28.931320190429689,"orthographic":true}