{"cameraMode":{"drawMode":0,"name":"Shaded","section":"Shading Mode"},"sceneLighting":true,"audioPlay":false,"sceneViewState":{"m_AlwaysRefresh":false,"showFog":true,"showSkybox":true,"showFlares":true,"showImageEffects":true,"showParticleSystems":true,"showVisualEffectGraphs":true,"m_FxEnabled":true},"in2DMode":false,"pivot":{"x":0.0424376055598259,"y":5.675014019012451,"z":0.062216080725193027},"rotation":{"x":-0.03487106040120125,"y":0.5072834491729736,"z":0.02057715319097042,"w":0.8608556389808655},"size":13.831950187683106,"orthographic":true}