{"cameraMode":{"drawMode":0,"name":"Shaded","section":"Shading Mode"},"sceneLighting":true,"audioPlay":false,"sceneViewState":{"m_AlwaysRefresh":false,"showFog":true,"showSkybox":true,"showFlares":true,"showImageEffects":true,"showParticleSystems":true,"showVisualEffectGraphs":true,"m_FxEnabled":true},"in2DMode":false,"pivot":{"x":0.012086556293070317,"y":3.5198721885681154,"z":0.4663974642753601},"rotation":{"x":0.056790076196193698,"y":0.6325240135192871,"z":-0.04655878618359566,"w":0.7710835933685303},"size":4.0787882804870609,"orthographic":true}